<?xml version="1.0" encoding="utf-8"?>
<extension type="module" version="2.5" method="upgrade" client="site">
	<name>mod_adsmanager_table</name>
	<author>Thomas Papin</author>
	<creationDate>May 2014</creationDate>
	<license>http://www.gnu.org/copyleft/gpl.html GNU/GPL</license>
	<authorEmail>support@juloa.com</authorEmail>
	<authorUrl>www.joomprod.com</authorUrl>
	<version>2.9.11</version>
	<description>Displays the latest / random / popular AdsManager ads in a Table</description>
	<files>
		<filename module="mod_adsmanager_table">mod_adsmanager_table.php</filename>
		<filename>mod_adsmanager_table.xml</filename>
		<filename>index.html</filename>
        <filename>tmpl/index.html</filename>
        <filename>tmpl/table.php</filename>
	</files>
	<languages folder="language">
        <language tag="en-GB">en-GB.mod_adsmanager_table.ini</language>
        <language tag="en-GB">en-GB.mod_adsmanager_table.sys.ini</language>
        <language tag="fr-FR">fr-FR.mod_adsmanager_table.ini</language>
        <language tag="fr-FR">fr-FR.mod_adsmanager_table.sys.ini</language>
    </languages>
	<config>
		<fields name="params">
			<fieldset name="basic">
				<field name="nb_ads" type="text" default="3" size="2" label="MOD_ADSMANAGER_ADS_NBADS" description="" />
				<field name="random" type="list" default="0" label="MOD_ADSMANAGER_ADS_ORDER" description="MOD_ADSMANAGER_ADS_ORDER_DESC">
					<option value="0">MOD_ADSMANAGER_ADS_LATEST</option>
					<option value="1">MOD_ADSMANAGER_ADS_RANDOM</option>
					<option value="2">MOD_ADSMANAGER_ADS_POPULAR</option>
				</field>
				<field name="catselect" type="text" default="" size="4" label="MOD_ADSMANAGER_ADS_CATSELECT" description="MOD_ADSMANAGER_ADS_CATSELECT_DESC" />
			</fieldset>
			<fieldset name="advanced">		
				<field
					name="moduleclass_sfx"
					type="text"
					label="COM_MODULES_FIELD_MODULECLASS_SFX_LABEL" 
					description="COM_MODULES_FIELD_MODULECLASS_SFX_DESC" />
				<field
					name="cache"
					type="list"
					default="1"
					label="COM_MODULES_FIELD_CACHING_LABEL"
					description="COM_MODULES_FIELD_CACHING_DESC">
					<option
						value="1">JGLOBAL_USE_GLOBAL</option>
					<option
						value="0">COM_MODULES_FIELD_VALUE_NOCACHING</option>
				</field>
				<field
					name="cache_time"
					type="text"
					default="900"
					label="COM_MODULES_FIELD_CACHE_TIME_LABEL"
					description="COM_MODULES_FIELD_CACHE_TIME_DESC" />
				<field
					name="cachemode"
					type="hidden"
					default="static">
					<option	value="static"></option>
				</field>
			</fieldset>
		</fields>
	</config>	
</extension>
