<?xml version="1.0" encoding="utf-8"?>
<install type="module" version="1.5" method="upgrade" client="site">
	<name>mod_adsmanager_table</name>
	<author>Thomas Papin</author>
	<creationDate>May 2014</creationDate>
	<license>http://www.gnu.org/copyleft/gpl.html GNU/GPL</license>
	<authorEmail>support@juloa.com</authorEmail>
	<authorUrl>www.joomprod.com</authorUrl>
	<version>2.9.11</version>
	<description>Displays the latest / random / popular AdsManager ads in a Table</description>
	<files>
		<filename module="mod_adsmanager_table">mod_adsmanager_table.php</filename>
		<filename>mod_adsmanager_table.xml</filename>
		<filename>index.html</filename>
        <filename>tmpl/index.html</filename>
        <filename>tmpl/table.php</filename>
	</files>
	<languages folder="language">
        <language tag="en-GB">en-GB.mod_adsmanager_table.ini</language>
        <language tag="en-GB">en-GB.mod_adsmanager_table.sys.ini</language>
        <language tag="fr-FR">fr-FR.mod_adsmanager_table.ini</language>
        <language tag="fr-FR">fr-FR.mod_adsmanager_table.sys.ini</language>
    </languages>
	<params>
		<param name="cache" type="radio" default="0" label="Enable Cache" description="Select whether to cache the content of this module">
			<option value="0">No</option>
			<option value="1">Yes</option>
		</param>
		<param name="moduleclass_sfx" type="text" default="" label="Module Class Suffix" description="A suffix to be applied to the css class of the module (table.moduletable), this allows individual module styling" />
		<param name="nb_ads" type="text" default="3" size="2" label="Number of Ads" description="Number of Ads to be displayed" />
		<param name="random" type="radio" default="0" label="Random Ads" description="Display Latest / Random / Popular Ads">
			<option value="0">Latest</option>
			<option value="1">Random</option>
			<option value="2">Popular</option>
		</param>
		<param name="catselect" type="text" default="" size="4" label="catselect" description="display ads from a specific category (catid or -1 = current cat or empty = all)" />
	</params>
</install>
